,MAE,RMSE,R2
XGBoost (Hourly),3.785696088147564,5.094750038705767,0.7033237025440255
XGBoost (Daily),690.1600060096154,2931.6370845458637,-0.026137950411173394
LSTM (Hourly),5.693151170130427,7.447151993705442,0.36491699146964063
LSTM (Daily),146.42629289463176,175.64559403765645,-0.052364516740710076
